{
  ",": 2054.3599290780144,
  "`": 1536.2225,
  "b": 2234.4412878787875,
  "%": 1856.2817460317463,
  "g": 1973.6108134920632,
  "H": 2120.6585185185186,
  ":": 1842.7382113821134,
  "n": 2240.680072463768,
  "e": 2081.25503875969,
  "G": 2182.5126190476185,
  "'": 1729.2424999999998,
  "P": 1934.2174242424242,
  "+": 1927.6074074074074,
  "U": 2250.1205673758864,
  "B": 2571.2383720930234,
  "\\": 2124.3554054054057,
  "C": 2488.371052631579,
  ">": 2058.5528455284552,
  "<": 2210.6219858156032,
  "W": 2332.2653846153844,
  "q": 2099.099025974026,
  "^": 1492.5394736842102,
  "h": 1997.5107142857141,
  "c": 2094.65235260771,
  "l": 856.2833333333333,
  "x": 2256.8149999999996,
  "J": 1737.340740740741,
  "u": 2142.910278745644,
  "R": 2203.732905982906,
  "i": 2346.017857142857,
  "m": 2204.500396825397,
  "O": 2175.9851851851854,
  "p": 2093.674814814815,
  "$": 2734.111742424242,
  "I": 1762.3475609756097,
  "D": 2381.7223404255315,
  "K": 2268.364893617021,
  "!": 2272.7637654320984,
  "d": 2375.9120155038763,
  "_": 1909.9337606837607,
  ".": 1614.7973484848487,
  ";": 1322.2954545454547,
  "E": 2307.5401960784316,
  "F": 2471.063879210221,
  "&": 1848.7270833333332,
  "v": 2216.797222222223,
  "y": 1979.1218992248057,
  "*": 2004.1999999999998,
  "(": 2255.9752032520323,
  "Z": 2066.2810077519375,
  "S": 2211.2407407407413,
  "-": 670.3991228070175,
  "o": 2375.5934959349593,
  "z": 2110.258518518519,
  "Q": 2143.997083333333,
  "N": 2120.7853658536583,
  "T": 1959.2041666666664,
  "s": 1622.998106060606,
  ")": 2061.865503875969,
  "A": 2108.6348837209302,
  "k": 1941.9648936170217,
  "a": 1763.7521929824557,
  "f": 2155.9105263157894,
  "?": 2000.2073170731712,
  "j": 1908.006081780538,
  "r": 1942.277819548872,
  "Y": 1981.501984126984,
  "@": 2221.1015873015876,
  "#": 2096.706155632985,
  "L": 2147.059147869674,
  "~": 1841.5158730158728,
  "|": 1591.5380341880343,
  "=": 2100.345238095238,
  "/": 1876.925,
  "t": 1918.708914728682,
  "V": 2191.7564102564106,
  "M": 2027.1848133848134,
  "X": 2018.3109410430836,
  "w": 2157.9865853658544,
  "\"": 1536.2238095238095,
  "]": 2234.2885057471262,
  "[": 2351.5442857142857,
  "{": 2327.445238095238,
  "}": 2271.685626102293
}