{
  ",": 2371.387837837838,
  "`": 1584.3444444444444,
  "b": 2704.6616161616157,
  "%": 1912.6010101010102,
  "g": 2285.3050193050194,
  "H": 2473.325238095238,
  ":": 2150.449462365591,
  "n": 2651.9757142857143,
  "e": 2470.45101010101,
  "G": 2617.1299999999997,
  "'": 1880.9096774193547,
  "P": 2276.1787878787877,
  "+": 2049.815238095238,
  "U": 2646.912037037037,
  "B": 3116.6666666666665,
  "\\": 2423.6654320987655,
  "C": 2926.8505747126437,
  ">": 2247.3055555555557,
  "<": 2575.988888888889,
  "W": 2795.470443349753,
  "q": 2450.805442176871,
  "^": 1285.2873563218388,
  "h": 2408.0734375,
  "c": 2422.947879464286,
  "l": 497.6969696969697,
  "x": 2575.5548387096774,
  "J": 1925.6470588235293,
  "u": 2558.0157450076804,
  "R": 2489.513440860215,
  "i": 2836.382291666667,
  "m": 2669.2739583333337,
  "O": 2523.957142857143,
  "p": 2414.4453703703703,
  "$": 1882.0738095238094,
  "I": 1772.4661458333335,
  "D": 2781.061111111111,
  "K": 2643.486111111111,
  "!": 2584.6202160493826,
  "d": 2842.9078431372545,
  "_": 1920.3908045977014,
  ".": 1668.3063725490197,
  ";": 1484.8020833333335,
  "E": 2676.407083333333,
  "F": 3046.2261904761904,
  "&": 1747.6989247311826,
  "v": 2706.133333333334,
  "y": 2364.9843749999995,
  "*": 1916.7727272727275,
  "(": 2564.980208333333,
  "Z": 2345.9426470588237,
  "S": 2601.303921568627,
  "-": 430.18333333333334,
  "o": 2745.1432291666665,
  "z": 2407.245238095238,
  "Q": 2468.0080645161293,
  "N": 2525.4247311827958,
  "T": 2282.7569892473116,
  "s": 1829.0995370370374,
  ")": 2246.562121212121,
  "A": 2549.6213541666666,
  "k": 2288.681944444445,
  "a": 2141.9523809523807,
  "f": 2674.9404761904766,
  "?": 2286.174479166667,
  "j": 2243.3943452380954,
  "r": 2385.927210884354,
  "Y": 2271.091145833333,
  "@": 2540.951515151515,
  "#": 2359.1870967741934,
  "L": 2599.2665784832448,
  "~": 1985.484375,
  "|": 1653.3901041666668,
  "=": 2291.328125,
  "/": 2103.0642857142857,
  "t": 2245.3416666666667,
  "V": 2527.8644444444453,
  "M": 2474.2980599647267,
  "X": 2164.179292929293,
  "w": 2535.127604166667,
  "\"": 1638.6349206349205,
  "]": 2695.9254385964914,
  "[": 2933.266666666667,
  "{": 2942.7186274509804,
  "}": 2928.7215686274512
}