{
  ",": 2007.131666666667,
  "`": 1530.8755813953487,
  "b": 2138.7109929078015,
  "%": 1833.7814814814815,
  "g": 1901.4457983193274,
  "H": 2036.3256944444445,
  ":": 1780.4132575757571,
  "n": 2149.045238095238,
  "e": 1991.8579710144925,
  "G": 2093.261738648948,
  "'": 1671.2197674418605,
  "P": 1877.2656028368795,
  "+": 1889.1923611111113,
  "U": 2166.2466666666664,
  "B": 2464.8423913043475,
  "\\": 2081.969658119658,
  "C": 2379.1691056910568,
  ">": 1991.2446969696973,
  "<": 2150.513666666667,
  "W": 2250.647222222222,
  "q": 2007.6845491388049,
  "^": 1493.1158536585365,
  "h": 1913.1062962962963,
  "c": 2011.9384920634923,
  "l": 861.1984126984125,
  "x": 2204.0534883720925,
  "J": 1697.2028368794327,
  "u": 2054.057305194805,
  "R": 2110.851984126984,
  "i": 2270.895555555556,
  "m": 2102.9207407407407,
  "O": 2101.474305555556,
  "p": 2026.051388888889,
  "$": 2631.8492907801415,
  "I": 1697.9034090909092,
  "D": 2294.8189999999995,
  "K": 2195.2063333333335,
  "!": 2192.3410300925925,
  "d": 2260.196739130435,
  "_": 1864.125,
  ".": 1600.3796296296298,
  ";": 1310.1504629629628,
  "E": 2230.3450617283947,
  "F": 2367.5083874458874,
  "&": 1971.2325581395348,
  "v": 2111.7905982905986,
  "y": 1898.8639492753618,
  "*": 2005.1477777777777,
  "(": 2191.7818181818184,
  "Z": 2004.325724637681,
  "S": 2129.8437500000005,
  "-": 721.979674796748,
  "o": 2278.6534090909086,
  "z": 2032.2590277777779,
  "Q": 2064.758914728682,
  "N": 2034.4022727272727,
  "T": 1884.6434108527128,
  "s": 1559.0691489361702,
  ")": 2022.2583333333332,
  "A": 2034.574844720497,
  "k": 1891.9153061224492,
  "a": 1675.2459349593491,
  "f": 2049.951219512195,
  "?": 1917.5037878787882,
  "j": 1857.5474950396822,
  "r": 1847.911962833914,
  "Y": 1930.962121212121,
  "@": 2141.1681481481482,
  "#": 2036.0820346320347,
  "L": 2052.1645760743318,
  "~": 1813.9469696969693,
  "|": 1577.1947154471545,
  "=": 2038.0677777777778,
  "/": 1813.131914893617,
  "t": 1834.5539855072461,
  "V": 2132.9965986394564,
  "M": 1933.6509523809523,
  "X": 1953.6605820105817,
  "w": 2090.010465116279,
  "\"": 1522.0755555555554,
  "]": 2154.672395833333,
  "[": 2221.8788265306125,
  "{": 2210.133333333333,
  "}": 2146.1587301587306
}