{
  ",": 2139.026515151515,
  "`": 1567.9054054054054,
  "b": 2345.64837398374,
  "%": 1905.9444444444446,
  "g": 2008.4996825396825,
  "H": 2199.6777777777775,
  ":": 1921.6254385964908,
  "n": 2346.963953488372,
  "e": 2182.559583333333,
  "G": 2293.038738738738,
  "'": 1768.2684210526315,
  "P": 2006.7861788617888,
  "+": 1945.5193798449616,
  "U": 2348.176136363636,
  "B": 2690.96875,
  "\\": 2191.870098039216,
  "C": 2558.177777777778,
  ">": 2126.342105263158,
  "<": 2289.6416666666673,
  "W": 2439.8152777777777,
  "q": 2202.5940766550525,
  "^": 1466.3194444444443,
  "h": 2096.272222222222,
  "c": 2187.5640720390725,
  "l": 715.9819819819819,
  "x": 2313.857894736842,
  "J": 1798.5555555555557,
  "u": 2253.6203007518793,
  "R": 2272.277027027027,
  "i": 2469.262820512821,
  "m": 2313.494017094017,
  "O": 2266.888888888889,
  "p": 2156.396124031008,
  "$": 2808.25,
  "I": 1804.519230769231,
  "D": 2481.7185606060602,
  "K": 2352.6359848484844,
  "!": 2331.5492894056847,
  "d": 2508.6091666666666,
  "_": 1934.414351851852,
  ".": 1576.0345528455284,
  ";": 1347.024193548387,
  "E": 2388.0288194444443,
  "F": 2597.485588972431,
  "&": 1815.3603603603601,
  "v": 2347.0969696969705,
  "y": 2065.4718749999997,
  "*": 2029.3435897435897,
  "(": 2315.1324561403508,
  "Z": 2118.6095833333334,
  "S": 2282.5039682539687,
  "-": 604.4142857142857,
  "o": 2475.4692982456136,
  "z": 2176.5183831672207,
  "Q": 2210.944298245614,
  "N": 2222.12305764411,
  "T": 2020.004385964912,
  "s": 1646.6027131782946,
  ")": 2122.5054166666664,
  "A": 2200.6720833333334,
  "k": 2028.8261363636368,
  "a": 1861.6595238095235,
  "f": 2278.0933333333332,
  "?": 2078.8245614035086,
  "j": 1992.6809246954592,
  "r": 2042.5560544217685,
  "Y": 2066.784188034188,
  "@": 2312.9871794871797,
  "#": 2157.546115288221,
  "L": 2248.0832653061225,
  "~": 1884.4273504273503,
  "|": 1594.7100877192984,
  "=": 2135.8205128205127,
  "/": 1940.1146341463414,
  "t": 1972.820731707317,
  "V": 2287.863425925926,
  "M": 2133.175630252101,
  "X": 2088.398962148962,
  "w": 2273.3100877192983,
  "\"": 1567.6666666666667,
  "]": 2349.796153846154,
  "[": 2477.405303030303,
  "{": 2489.1886666666664,
  "}": 2431.000496031746
}