{
  ",": 2197.0813492063494,
  "`": 1592.2142857142856,
  "b": 2428.151709401709,
  "%": 1940.8873873873877,
  "g": 2073.844629014396,
  "H": 2269.590833333333,
  ":": 1980.1462962962958,
  "n": 2423.1532520325204,
  "e": 2255.0276315789474,
  "G": 2377.6695238095226,
  "'": 1794.4222222222222,
  "P": 2057.1726495726493,
  "+": 1981.2130081300816,
  "U": 2424.142857142857,
  "B": 2785.5526315789475,
  "\\": 2246.010416666667,
  "C": 2645.0117647058823,
  ">": 2162.1111111111113,
  "<": 2352.6642857142856,
  "W": 2533.289705882353,
  "q": 2240.708928571429,
  "^": 1422.970588235294,
  "h": 2172.615765765766,
  "c": 2246.900868725869,
  "l": 617.9714285714285,
  "x": 2380.8268518518516,
  "J": 1840.3166666666668,
  "u": 2320.0575396825393,
  "R": 2307.627314814815,
  "i": 2560.4459459459463,
  "m": 2402.8788288288292,
  "O": 2332.1375000000003,
  "p": 2217.4520325203252,
  "$": 2851.3562500000003,
  "I": 1806.8265765765768,
  "D": 2548.2567460317455,
  "K": 2409.0615079365075,
  "!": 2399.746815718157,
  "d": 2607.285964912281,
  "_": 1959.1519607843138,
  ".": 1604.4081196581199,
  ";": 1386.3189655172414,
  "E": 2452.3702898550723,
  "F": 2696.4986772486773,
  "&": 1803.0925925925924,
  "v": 2398.693750000001,
  "y": 2118.493421052631,
  "*": 2040.662162162162,
  "(": 2387.5009259259255,
  "Z": 2150.69358974359,
  "S": 2351.3791666666666,
  "-": 583.3484848484849,
  "o": 2566.1805555555557,
  "z": 2245.856678281069,
  "Q": 2281.149537037037,
  "N": 2296.82037037037,
  "T": 2048.698198198198,
  "s": 1670.6646825396826,
  ")": 2162.1833333333334,
  "A": 2275.457456140351,
  "k": 2089.746428571429,
  "a": 1924.0782828282825,
  "f": 2376.1929292929294,
  "?": 2111.657657657658,
  "j": 2057.5352787456445,
  "r": 2081.7047619047617,
  "Y": 2130.1126126126123,
  "@": 2344.934210526316,
  "#": 2208.993121693122,
  "L": 2304.2625541125544,
  "~": 1918.288288288288,
  "|": 1615.638425925926,
  "=": 2180.837837837838,
  "/": 1960.6174999999998,
  "t": 2007.13625,
  "V": 2354.3200980392157,
  "M": 2171.4580086580086,
  "X": 2112.1989348370926,
  "w": 2310.066216216216,
  "\"": 1582.1944444444443,
  "]": 2454.209722222222,
  "[": 2573.125,
  "{": 2594.465942028986,
  "}": 2541.445995670996
}