{
  ",": 2397.7161764705884,
  "`": 1638.9080459770116,
  "b": 2749.011111111111,
  "%": 1922.3817204301076,
  "g": 2286.151020408163,
  "H": 2481.738888888889,
  ":": 2192.8770114942527,
  "n": 2664.4969696969697,
  "e": 2535.270430107527,
  "G": 2691.942857142857,
  "'": 1867.3793103448277,
  "P": 2228.340625,
  "+": 2027.7291666666665,
  "U": 2711.282828282828,
  "B": 3203.362068965517,
  "\\": 2491.2986666666666,
  "C": 2972.9876543209875,
  ">": 2225.514367816092,
  "<": 2549.4500000000003,
  "W": 2830.3756613756605,
  "q": 2471.0764790764797,
  "^": 1128.7530864197531,
  "h": 2402.994827586207,
  "c": 2412.700230414747,
  "l": 529.7096774193549,
  "x": 2557.54,
  "J": 1887.979797979798,
  "u": 2529.9460034013605,
  "R": 2476.441666666666,
  "i": 2811.9430107526887,
  "m": 2683.5731182795703,
  "O": 2544.919191919192,
  "p": 2432.1297979797982,
  "$": 1842.7230392156862,
  "I": 1724.4489247311828,
  "D": 2779.922727272727,
  "K": 2710.818181818182,
  "!": 2587.9066993464053,
  "d": 2872.8020202020202,
  "_": 1928.2901234567903,
  ".": 1678.4217171717173,
  ";": 1468.9673913043478,
  "E": 2666.4197368421055,
  "F": 3076.5529556650245,
  "&": 1805.8555555555554,
  "v": 2716.8051282051288,
  "y": 2406.3583333333327,
  "*": 1855.5000000000002,
  "(": 2584.6205555555553,
  "Z": 2327.5328125,
  "S": 2611.881313131313,
  "-": 430.18333333333334,
  "o": 2816.469444444444,
  "z": 2417.1021088435377,
  "Q": 2491.808333333333,
  "N": 2536.3555555555554,
  "T": 2334.754761904762,
  "s": 1794.7230392156862,
  ")": 2229.401666666666,
  "A": 2577.087931034483,
  "k": 2320.178282828283,
  "a": 2127.839506172839,
  "f": 2738.8525641025644,
  "?": 2232.6527777777783,
  "j": 2246.4154411764703,
  "r": 2393.4793040293043,
  "Y": 2275.897222222222,
  "@": 2554.8466666666664,
  "#": 2332.943333333333,
  "L": 2616.372985347985,
  "~": 1993.6833333333332,
  "|": 1617.612365591398,
  "=": 2245.3870967741937,
  "/": 2082.94696969697,
  "t": 2243.6859375,
  "V": 2540.049425287357,
  "M": 2471.589743589743,
  "X": 2133.9408602150534,
  "w": 2598.382183908046,
  "\"": 1598.8666666666666,
  "]": 2569.5989583333335,
  "[": 2901.3846153846152,
  "{": 2945.9510416666667,
  "}": 3095.6380952380955
}