{
  ",": 2330.5597701149427,
  "`": 1365.4933333333333,
  "b": 2835.17,
  "%": 1841.375,
  "g": 2281.705079365079,
  "H": 2560.004761904762,
  ":": 2136.5763888888887,
  "n": 2704.630357142857,
  "e": 2499.889743589744,
  "G": 2787.4194444444443,
  "'": 1851.3200000000002,
  "P": 2210.9876543209875,
  "+": 1939.3827160493827,
  "U": 2705.875,
  "B": 3301.4895833333335,
  "\\": 2461.9583333333335,
  "C": 3053.8371212121215,
  ">": 2192.2673611111113,
  "<": 2565.4857142857145,
  "W": 3063.9393939393935,
  "q": 2573.1437074829932,
  "^": 852.125,
  "h": 2371.260416666667,
  "c": 2498.10989010989,
  "l": 586.2857142857143,
  "x": 2563.8900000000003,
  "J": 1795.0459770114942,
  "u": 2539.9849896480328,
  "R": 2454.7466666666664,
  "i": 2864.370512820513,
  "m": 2770.275641025641,
  "O": 2549.6190476190477,
  "p": 2435.4476190476194,
  "$": 1732.9626436781607,
  "I": 1578.1987179487182,
  "D": 2829.8339285714283,
  "K": 2738.952380952381,
  "!": 2584.363601532567,
  "d": 2903.864880952381,
  "_": 1855.2733333333333,
  ".": 1501.610119047619,
  ";": 1290.0124999999998,
  "E": 2672.0666666666666,
  "F": 3180.1820436507933,
  "&": 1525.56,
  "v": 2870.407575757576,
  "y": 2416.5775641025643,
  "*": 1620.6602564102568,
  "(": 2651.474666666666,
  "Z": 2329.508641975309,
  "S": 2584.8720238095234,
  "-": 395.27777777777777,
  "o": 2910.413333333333,
  "z": 2431.8330158730164,
  "Q": 2519.293333333333,
  "N": 2533.4933333333333,
  "T": 2324.072463768116,
  "s": 1830.727011494253,
  ")": 2192.8986666666665,
  "A": 2602.105769230769,
  "k": 2360.7875000000004,
  "a": 2139.1666666666665,
  "f": 2813.560606060606,
  "?": 2217.9423076923076,
  "j": 2272.5876436781605,
  "r": 2344.3251700680275,
  "Y": 2158.7166666666667,
  "@": 2521.0192307692305,
  "#": 2349.1076923076926,
  "L": 2633.3268707482994,
  "~": 1858.4807692307693,
  "|": 1348.650641025641,
  "=": 2276.3230769230768,
  "/": 2119.514880952381,
  "t": 2305.117283950617,
  "V": 2691.5486111111113,
  "M": 2508.3603174603177,
  "X": 2021.0897435897434,
  "w": 2631.7743055555557,
  "\"": 1337.8333333333333,
  "]": 2478.6666666666665,
  "[": 2717.5833333333335,
  "{": 3151.318181818182,
  "}": 3169.703703703704
}