{
  ",": 2294.519230769231,
  "`": 1633.0625,
  "b": 2562.4768518518517,
  "%": 1932.3952380952383,
  "g": 2166.090476190476,
  "H": 2338.569298245614,
  ":": 2072.8717171717167,
  "n": 2553.5381578947367,
  "e": 2373.5157142857142,
  "G": 2515.707291666666,
  "'": 1806.4470588235292,
  "P": 2149.8305555555553,
  "+": 2016.0719298245615,
  "U": 2544.8504273504273,
  "B": 2942.957142857143,
  "\\": 2345.2574712643677,
  "C": 2800.3440860215055,
  ">": 2234.535353535354,
  "<": 2458.2974358974357,
  "W": 2678.906451612903,
  "q": 2356.37676962677,
  "^": 1354.3655913978491,
  "h": 2287.292647058824,
  "c": 2355.8774159663867,
  "l": 483.1470588235294,
  "x": 2484.6373737373733,
  "J": 1884.6936936936938,
  "u": 2453.567821067821,
  "R": 2408.9671717171714,
  "i": 2665.444761904762,
  "m": 2553.7504901960788,
  "O": 2404.5000000000005,
  "p": 2329.744298245614,
  "$": 2921.4013157894738,
  "I": 1771.232843137255,
  "D": 2642.1931623931623,
  "K": 2525.153846153846,
  "!": 2466.841737891738,
  "d": 2780.153333333333,
  "_": 2007.440860215054,
  ".": 1625.713963963964,
  ";": 1432.4326923076922,
  "E": 2559.681007751938,
  "F": 2856.801587301587,
  "&": 1771.232323232323,
  "v": 2568.8827586206903,
  "y": 2227.7999999999993,
  "*": 2074.7571428571428,
  "(": 2518.283838383838,
  "Z": 2217.1364864864863,
  "S": 2466.252252252252,
  "-": 464.30645161290323,
  "o": 2657.5245098039213,
  "z": 2367.1335213032585,
  "Q": 2369.4419191919187,
  "N": 2423.5353535353534,
  "T": 2157.5872549019605,
  "s": 1746.2200854700857,
  ")": 2204.677619047619,
  "A": 2395.639523809524,
  "k": 2182.68076923077,
  "a": 2056.3638888888886,
  "f": 2539.5955555555556,
  "?": 2204.186274509804,
  "j": 2162.9788533834585,
  "r": 2218.2568356374804,
  "Y": 2200.1225490196075,
  "@": 2456.94,
  "#": 2298.9636363636364,
  "L": 2441.6888095238096,
  "~": 1969.156862745098,
  "|": 1647.6510101010103,
  "=": 2234.3970588235293,
  "/": 2036.8783783783783,
  "t": 2119.0256756756758,
  "V": 2435.982291666667,
  "M": 2314.7482539682537,
  "X": 2166.2833333333333,
  "w": 2446.02205882353,
  "\"": 1613.9469696969695,
  "]": 2538.8560606060605,
  "[": 2738.558823529412,
  "{": 2733.6441666666665,
  "}": 2762.590350877193
}