{
  ",": 2334.965432098765,
  "`": 1235.021739130435,
  "b": 2814.0652173913045,
  "%": 1667.5500000000002,
  "g": 2222.090828924162,
  "H": 2570.5653333333335,
  ":": 2217.0378787878785,
  "n": 2687.2173076923073,
  "e": 2473.5471014492755,
  "G": 2803.095238095238,
  "'": 1784.463768115942,
  "P": 2273.5694444444443,
  "+": 1975.4133333333332,
  "U": 2692.032,
  "B": 3327.7310606060605,
  "\\": 2317.037037037037,
  "C": 3088.7583333333337,
  ">": 2132.098484848485,
  "<": 2563.9599999999996,
  "W": 3082.983333333333,
  "q": 2592.8933333333334,
  "^": 929.5,
  "h": 2383.853174603175,
  "c": 2446.8115942028985,
  "l": 631.1923076923077,
  "x": 2557.621212121212,
  "J": 1820.4935897435896,
  "u": 2555.051587301587,
  "R": 2417.7196969696965,
  "i": 2884.1853333333333,
  "m": 2747.340277777778,
  "O": 2545.3533333333335,
  "p": 2503.6358974358977,
  "$": 1624.2469135802469,
  "I": 1354.3550724637682,
  "D": 2896.3439999999996,
  "K": 2709.286666666667,
  "!": 2598.25,
  "d": 3036.1000000000004,
  "_": 1677.0681818181818,
  ".": 1302.61,
  ";": 1152.2916666666665,
  "E": 2665.431182795699,
  "F": 3278.0992063492063,
  "&": 1321,
  "v": 2950.2929824561406,
  "y": 2443.136956521739,
  "*": 1455.4861111111113,
  "(": 2668.4362318840576,
  "Z": 2267.296,
  "S": 2588.4566666666665,
  "-": 363.05999999999995,
  "o": 2982.113636363636,
  "z": 2407.1098765432102,
  "Q": 2415.9565217391305,
  "N": 2538.7310606060605,
  "T": 2272.483333333333,
  "s": 1732.570512820513,
  ")": 2120.565217391304,
  "A": 2572.300724637681,
  "k": 2340.1269230769235,
  "a": 2103.725,
  "f": 2837.3,
  "?": 2224.391304347826,
  "j": 2218.9274691358023,
  "r": 2286.746616541354,
  "Y": 2132.280303030303,
  "@": 2442.891304347826,
  "#": 2223.608695652174,
  "L": 2665.954260651629,
  "~": 1851.7391304347827,
  "|": 1135.8478260869565,
  "=": 2195.375,
  "/": 2129.9666666666667,
  "t": 2322.840277777778,
  "V": 2677.878787878788,
  "M": 2482.55,
  "X": 1882.5555555555554,
  "w": 2635.1944444444443,
  "\"": 1079.3846153846155,
  "]": 2271.8888888888887,
  "[": 2704.0666666666666,
  "{": 3102.5625,
  "}": 3235.5714285714284
}